mmsi,model_label,student_label,student_model_agreement,model_score,type,type_score,student_confidence,pybossa_url224154000,Longliner,longliner,1,0.98,30,1,1,http://crowd.globalfishingwatch.org/project/id_fishing_vessels_v2/task/4114226220000,Trawler,trawler,1,1,30,1,1,http://crowd.globalfishingwatch.org/project/id_fishing_vessels_v2/task/4118237149000,Trawler,trawler,1,0.93,30,1,1,http://crowd.globalfishingwatch.org/project/id_fishing_vessels_v2/task/4128246161000,Trawler,trawler,1,1,30,1,1,http://crowd.globalfishingwatch.org/project/id_fishing_vessels_v2/task/4132247073090,Trawler,trawler,1,0.51,30,1,1,http://crowd.globalfishingwatch.org/project/id_fishing_vessels_v2/task/4133247081680,Trawler,trawler,1,0.82,30,1,1,http://crowd.globalfishingwatch.org/project/id_fishing_vessels_v2/task/4134250103560,Trawler,trawler,1,1,90,1,1,http://crowd.globalfishingwatch.org/project/id_fishing_vessels_v2/task/4136367064000,Trawler,trawler,1,1,30,1,1,http://crowd.globalfishingwatch.org/project/id_fishing_vessels_v2/task/4158431802000,Longliner,longliner,1,1,30,1,1,http://crowd.globalfishingwatch.org/project/id_fishing_vessels_v2/task/4226520171000,Longliner,longliner,1,1,30,1,1,http://crowd.globalfishingwatch.org/project/id_fishing_vessels_v2/task/4235540002200,Longliner,longliner,1,0.87,30,1,1,http://crowd.globalfishingwatch.org/project/id_fishing_vessels_v2/task/4238225981169,Purse seine,not_fishing,0,0.74,36,1,1,http://crowd.globalfishingwatch.org/project/id_fishing_vessels_v2/task/4117227069470,Purse seine,not_fishing,0,0.69,36,1,1,http://crowd.globalfishingwatch.org/project/id_fishing_vessels_v2/task/4119227579000,Longliner,trawler,0,0.62,30,1,1,http://crowd.globalfishingwatch.org/project/id_fishing_vessels_v2/task/4121227698770,Purse seine,not_fishing,0,0.8,50,1,1,http://crowd.globalfishingwatch.org/project/id_fishing_vessels_v2/task/4122235009920,Purse seine,not_fishing,0,0.6,35,1,1,http://crowd.globalfishingwatch.org/project/id_fishing_vessels_v2/task/4125235103844,Purse seine,not_fishing,0,0.79,40,1,1,http://crowd.globalfishingwatch.org/project/id_fishing_vessels_v2/task/4127245369000,Longliner,trawler,0,0.76,30,0.999957349,1,http://crowd.globalfishingwatch.org/project/id_fishing_vessels_v2/task/4131257205500,Trawler,not_fishing,0,0.93,52,0.99997305,1,http://crowd.globalfishingwatch.org/project/id_fishing_vessels_v2/task/4142258094960,Purse seine,not_fishing,0,0.55,37,1,1,http://crowd.globalfishingwatch.org/project/id_fishing_vessels_v2/task/4145273375800,Trawler,not_fishing,0,0.57,70,1,1,http://crowd.globalfishingwatch.org/project/id_fishing_vessels_v2/task/4149273815050,Longliner,reefer,0,0.54,79,1,1,http://crowd.globalfishingwatch.org/project/id_fishing_vessels_v2/task/4151310614000,Longliner,not_fishing,0,0.79,91,0.978364389,1,http://crowd.globalfishingwatch.org/project/id_fishing_vessels_v2/task/4153367450270,Purse seine,not_fishing,0,0.75,36,1,1,http://crowd.globalfishingwatch.org/project/id_fishing_vessels_v2/task/4160367578250,Longliner,not_fishing,0,0.77,37,1,1,http://crowd.globalfishingwatch.org/project/id_fishing_vessels_v2/task/4161367628440,Longliner,not_fishing,0,0.75,37,1,1,http://crowd.globalfishingwatch.org/project/id_fishing_vessels_v2/task/4162403701810,Purse seine,not_fishing,0,0.8,54,1,1,http://crowd.globalfishingwatch.org/project/id_fishing_vessels_v2/task/4165457900169,Trawler,not_fishing,0,0.56,70,0.999339061,1,http://crowd.globalfishingwatch.org/project/id_fishing_vessels_v2/task/4233525015964,Longliner,not_fishing,0,0.52,60,1,1,http://crowd.globalfishingwatch.org/project/id_fishing_vessels_v2/task/4237563004750,Trawler,not_fishing,0,0.86,31,1,1,http://crowd.globalfishingwatch.org/project/id_fishing_vessels_v2/task/4239701027000,Longliner,trawler,0,0.66,30,1,1,http://crowd.globalfishingwatch.org/project/id_fishing_vessels_v2/task/4244725000261,Longliner,trawler,0,0.98,30,1,1,http://crowd.globalfishingwatch.org/project/id_fishing_vessels_v2/task/4245983191061,Longliner,not_fishing,0,0.93,37,1,1,http://crowd.globalfishingwatch.org/project/id_fishing_vessels_v2/task/4249271072496,Purse seine,purse_seine,1,0.79,30,1,0.666666667,http://crowd.globalfishingwatch.org/project/id_fishing_vessels_v2/task/4148200000075,Trawler,not_fishing,0,0.52,50,1,0.666666667,http://crowd.globalfishingwatch.org/project/id_fishing_vessels_v2/task/4109214182117,Trawler,reefer,0,0.5,70,1,0.666666667,http://crowd.globalfishingwatch.org/project/id_fishing_vessels_v2/task/4112247149410,Longliner,trawler,0,0.51,30,1,0.666666667,http://crowd.globalfishingwatch.org/project/id_fishing_vessels_v2/task/4135251415540,Purse seine,other,0,0.51,30,1,0.666666667,http://crowd.globalfishingwatch.org/project/id_fishing_vessels_v2/task/4140265613880,Purse seine,not_fishing,0,0.64,49,1,0.666666667,http://crowd.globalfishingwatch.org/project/id_fishing_vessels_v2/task/4146316026186,Purse seine,not_fishing,0,0.63,37,1,0.666666667,http://crowd.globalfishingwatch.org/project/id_fishing_vessels_v2/task/4154413463160,Trawler,not_fishing,0,0.55,70,1,0.666666667,http://crowd.globalfishingwatch.org/project/id_fishing_vessels_v2/task/4200413784172,Trawler,not_fishing,0,0.51,70,1,0.666666667,http://crowd.globalfishingwatch.org/project/id_fishing_vessels_v2/task/4205413976922,Purse seine,not_fishing,0,0.68,70,1,0.666666667,http://crowd.globalfishingwatch.org/project/id_fishing_vessels_v2/task/4211418197905,Trawler,not_fishing,0,0.86,70,1,0.666666667,http://crowd.globalfishingwatch.org/project/id_fishing_vessels_v2/task/4223466161000,Purse seine,not_fishing,0,0.57,91,1,0.666666667,http://crowd.globalfishingwatch.org/project/id_fishing_vessels_v2/task/4234525012084,Trawler,not_fishing,0,0.51,31,0.998058252,0.666666667,http://crowd.globalfishingwatch.org/project/id_fishing_vessels_v2/task/4236224104340,Purse seine,purse_seine,1,0.54,30,1,0.5,http://crowd.globalfishingwatch.org/project/id_fishing_vessels_v2/task/4113251030110,Trawler,purse_seine,0,0.84,30,1,0.5,http://crowd.globalfishingwatch.org/project/id_fishing_vessels_v2/task/4137412432558,Purse seine,purse_seine,1,0.88,94,1,0.333333333,http://crowd.globalfishingwatch.org/project/id_fishing_vessels_v2/task/4185416001414,Longliner,longliner,1,1,30,1,0.333333333,http://crowd.globalfishingwatch.org/project/id_fishing_vessels_v2/task/4214416500000,Purse seine,purse_seine,1,1,30,1,0.333333333,http://crowd.globalfishingwatch.org/project/id_fishing_vessels_v2/task/4222431105000,Longliner,longliner,1,0.99,30,1,0.333333333,http://crowd.globalfishingwatch.org/project/id_fishing_vessels_v2/task/422412345888,Purse seine,not_fishing,0,0.53,70,1,0.333333333,http://crowd.globalfishingwatch.org/project/id_fishing_vessels_v2/task/4108251243240,Longliner,other,0,0.63,30,1,0.333333333,http://crowd.globalfishingwatch.org/project/id_fishing_vessels_v2/task/4139412040902,Purse seine,other,0,0.78,30,1,0.333333333,http://crowd.globalfishingwatch.org/project/id_fishing_vessels_v2/task/4167412201709,Trawler,other,0,0.81,30,1,0.333333333,http://crowd.globalfishingwatch.org/project/id_fishing_vessels_v2/task/4168412332164,Purse seine,other,0,0.54,30,1,0.333333333,http://crowd.globalfishingwatch.org/project/id_fishing_vessels_v2/task/4169412333131,Purse seine,other,0,0.62,70,1,0.333333333,http://crowd.globalfishingwatch.org/project/id_fishing_vessels_v2/task/4170412348969,Purse seine,other,0,0.98,30,1,0.333333333,http://crowd.globalfishingwatch.org/project/id_fishing_vessels_v2/task/4171412898888,Purse seine,not_fishing,0,0.58,70,1,0.333333333,http://crowd.globalfishingwatch.org/project/id_fishing_vessels_v2/task/4197413666218,Purse seine,not_fishing,0,0.52,70,0.999484802,0.333333333,http://crowd.globalfishingwatch.org/project/id_fishing_vessels_v2/task/4201413771715,Purse seine,not_fishing,0,0.58,70,1,0.333333333,http://crowd.globalfishingwatch.org/project/id_fishing_vessels_v2/task/4203413776038,Purse seine,not_fishing,0,0.69,70,1,0.333333333,http://crowd.globalfishingwatch.org/project/id_fishing_vessels_v2/task/4204413806188,Trawler,other,0,0.98,70,0.990769231,0.333333333,http://crowd.globalfishingwatch.org/project/id_fishing_vessels_v2/task/4206413905235,Trawler,not_fishing,0,0.88,70,1,0.333333333,http://crowd.globalfishingwatch.org/project/id_fishing_vessels_v2/task/4208413963275,Trawler,not_fishing,0,0.69,70,1,0.333333333,http://crowd.globalfishingwatch.org/project/id_fishing_vessels_v2/task/4209413970364,Purse seine,not_fishing,0,0.87,70,0.979057592,0.333333333,http://crowd.globalfishingwatch.org/project/id_fishing_vessels_v2/task/4210413985784,Purse seine,not_fishing,0,0.98,70,1,0.333333333,http://crowd.globalfishingwatch.org/project/id_fishing_vessels_v2/task/4212413987196,Trawler,not_fishing,0,0.91,70,1,0.333333333,http://crowd.globalfishingwatch.org/project/id_fishing_vessels_v2/task/4213416002900,Longliner,otherfish,0,1,30,1,0.333333333,http://crowd.globalfishingwatch.org/project/id_fishing_vessels_v2/task/4216416003765,Purse seine,longliner,0,0.72,30,1,0.333333333,http://crowd.globalfishingwatch.org/project/id_fishing_vessels_v2/task/4218440124480,Trawler,purse_seine,0,0.68,30,1,0.333333333,http://crowd.globalfishingwatch.org/project/id_fishing_vessels_v2/task/4229800019314,Purse seine,other,0,0.67,30,1,0.333333333,http://crowd.globalfishingwatch.org/project/id_fishing_vessels_v2/task/4246800026188,Trawler,other,0,0.53,30,1,0.333333333,http://crowd.globalfishingwatch.org/project/id_fishing_vessels_v2/task/4247900022910,Purse seine,other,0,0.63,30,1,0.333333333,http://crowd.globalfishingwatch.org/project/id_fishing_vessels_v2/task/4248225378000,Longliner,"longliner:3,purse_seine:1",0,0.85,30,1,0.3,http://crowd.globalfishingwatch.org/project/id_fishing_vessels_v2/task/4115227314010,Longliner,"trawler:1,otherfish:2,other:2",0,0.53,30,1,0.3,http://crowd.globalfishingwatch.org/project/id_fishing_vessels_v2/task/4120228827000,Longliner,"otherfish:2,other:1",0,0.53,30,1,0.3,http://crowd.globalfishingwatch.org/project/id_fishing_vessels_v2/task/4123235069725,Longliner,"trawler:1,otherfish:1,not_fishing:1",0,0.54,30,1,0.3,http://crowd.globalfishingwatch.org/project/id_fishing_vessels_v2/task/4126239236000,Longliner,"purse_seine:2,other:1",0,0.57,30,1,0.3,http://crowd.globalfishingwatch.org/project/id_fishing_vessels_v2/task/4129244391106,Purse seine,"not_fishing:2,other:1",0,0.63,36,1,0.3,http://crowd.globalfishingwatch.org/project/id_fishing_vessels_v2/task/4130251498240,Longliner,"trawler:1,otherfish:1,other:1",0,0.6,30,1,0.3,http://crowd.globalfishingwatch.org/project/id_fishing_vessels_v2/task/4141257225000,Longliner,"longliner:1,trawler:2",0,0.64,30,0.99980012,0.3,http://crowd.globalfishingwatch.org/project/id_fishing_vessels_v2/task/4143257647500,Trawler,"purse_seine:2,otherfish:1",0,0.92,30,1,0.3,http://crowd.globalfishingwatch.org/project/id_fishing_vessels_v2/task/4144306589000,Longliner,"not_fishing:2,other:1",0,0.64,70,1,0.3,http://crowd.globalfishingwatch.org/project/id_fishing_vessels_v2/task/4152338100000,Longliner,"not_fishing:5,other:1",0,0.52,90,1,0.3,http://crowd.globalfishingwatch.org/project/id_fishing_vessels_v2/task/4155345140500,Purse seine,"longliner:1,purse_seine:3",0,0.69,30,1,0.3,http://crowd.globalfishingwatch.org/project/id_fishing_vessels_v2/task/4156367016310,Longliner,"otherfish:1,not_fishing:2",0,0.66,72,0.541343669,0.3,http://crowd.globalfishingwatch.org/project/id_fishing_vessels_v2/task/4157372698000,Longliner,"not_fishing:2,other:1",0,0.87,99,0.999876976,0.3,http://crowd.globalfishingwatch.org/project/id_fishing_vessels_v2/task/4163377339000,Trawler,"trawler:1,not_fishing:2",0,1,70,1,0.3,http://crowd.globalfishingwatch.org/project/id_fishing_vessels_v2/task/4164431704110,Longliner,"longliner:2,not_fishing:1",0,0.99,37,1,0.3,http://crowd.globalfishingwatch.org/project/id_fishing_vessels_v2/task/4225432228000,Longliner,"longliner:2,trawler:1",0,0.99,30,1,0.3,http://crowd.globalfishingwatch.org/project/id_fishing_vessels_v2/task/4227576902000,Longliner,"trawler:1,not_fishing:2",0,0.53,65,0.333333333,0.3,http://crowd.globalfishingwatch.org/project/id_fishing_vessels_v2/task/4240701000764,Longliner,"trawler:2,otherfish:1",0,0.63,30,0.986814998,0.3,http://crowd.globalfishingwatch.org/project/id_fishing_vessels_v2/task/4242701000880,Longliner,"trawler:2,otherfish:1",0,0.99,30,1,0.3,http://crowd.globalfishingwatch.org/project/id_fishing_vessels_v2/task/4243225980581,Longliner,"longliner:2,trawler:1,not_known:1",0,0.51,30,1,0.225,http://crowd.globalfishingwatch.org/project/id_fishing_vessels_v2/task/4116231180000,Longliner,"longliner:1,otherfish:1,other:1,not_known:1",0,0.89,30,1,0.225,http://crowd.globalfishingwatch.org/project/id_fishing_vessels_v2/task/4124601126000,Longliner,"longliner:2,other:1,not_known:1",0,0.68,30,1,0.225,http://crowd.globalfishingwatch.org/project/id_fishing_vessels_v2/task/4241251140740,Purse seine,"otherfish:1,other:1,not_known:1",0,0.53,30,1,0.2,http://crowd.globalfishingwatch.org/project/id_fishing_vessels_v2/task/4138271072022,Purse seine,"purse_seine:1,reefer:1,not_known:1",0,0.52,30,1,0.2,http://crowd.globalfishingwatch.org/project/id_fishing_vessels_v2/task/4147273810800,Longliner,"longliner:1,otherfish:1,not_known:1",0,0.97,30,0.558102345,0.2,http://crowd.globalfishingwatch.org/project/id_fishing_vessels_v2/task/4150416222700,Longliner,"longliner:1,not_fishing:1,not_known:1",0,1,30,1,0.2,http://crowd.globalfishingwatch.org/project/id_fishing_vessels_v2/task/4221440126000,Trawler,"trawler:1,other:1,not_known:1",0,0.8,51,1,0.2,http://crowd.globalfishingwatch.org/project/id_fishing_vessels_v2/task/4230440151310,Purse seine,"not_fishing:1,other:1,not_known:1",0,0.83,37,1,0.2,http://crowd.globalfishingwatch.org/project/id_fishing_vessels_v2/task/4231441864000,Longliner,"longliner:1,other:1,not_known:1",0,1,30,1,0.2,http://crowd.globalfishingwatch.org/project/id_fishing_vessels_v2/task/4232367075080,Longliner,"trawler:1,otherfish:1,not_known:2",0,0.55,30,1,0.15,http://crowd.globalfishingwatch.org/project/id_fishing_vessels_v2/task/4159412002218,Purse seine,"trawler:1,other:1,not_known:2",0,0.98,30,1,0.15,http://crowd.globalfishingwatch.org/project/id_fishing_vessels_v2/task/4166440122190,Longliner,"trawler:1,other:1,not_known:2",0,0.59,30,1,0.15,http://crowd.globalfishingwatch.org/project/id_fishing_vessels_v2/task/4228200140810,Purse seine,not_known,0,0.59,30,1,0,http://crowd.globalfishingwatch.org/project/id_fishing_vessels_v2/task/4110211481051,Longliner,not_known,0,0.75,30,1,0,http://crowd.globalfishingwatch.org/project/id_fishing_vessels_v2/task/4111412409229,Purse seine,not_known,0,0.79,30,1,0,http://crowd.globalfishingwatch.org/project/id_fishing_vessels_v2/task/4172412410837,Trawler,not_known,0,0.74,30,1,0,http://crowd.globalfishingwatch.org/project/id_fishing_vessels_v2/task/4173412411683,Purse seine,not_known,0,0.81,30,1,0,http://crowd.globalfishingwatch.org/project/id_fishing_vessels_v2/task/4174412418238,Trawler,not_known,0,0.83,30,1,0,http://crowd.globalfishingwatch.org/project/id_fishing_vessels_v2/task/4175412419462,Trawler,not_known,0,0.67,30,1,0,http://crowd.globalfishingwatch.org/project/id_fishing_vessels_v2/task/4176412419533,Purse seine,not_known,0,0.93,30,1,0,http://crowd.globalfishingwatch.org/project/id_fishing_vessels_v2/task/4177412419573,Purse seine,not_known,0,0.9,30,1,0,http://crowd.globalfishingwatch.org/project/id_fishing_vessels_v2/task/4178412421896,Trawler,not_known,0,0.65,30,1,0,http://crowd.globalfishingwatch.org/project/id_fishing_vessels_v2/task/4179412422273,Trawler,not_known,0,0.5,30,1,0,http://crowd.globalfishingwatch.org/project/id_fishing_vessels_v2/task/4180412422649,Trawler,not_known,0,0.64,30,1,0,http://crowd.globalfishingwatch.org/project/id_fishing_vessels_v2/task/4181412423861,Trawler,not_known,0,0.7,30,1,0,http://crowd.globalfishingwatch.org/project/id_fishing_vessels_v2/task/4182412426816,Trawler,not_known,0,0.74,30,1,0,http://crowd.globalfishingwatch.org/project/id_fishing_vessels_v2/task/4183412428736,Purse seine,not_known,0,0.88,30,1,0,http://crowd.globalfishingwatch.org/project/id_fishing_vessels_v2/task/4184412435055,Trawler,not_known,0,0.75,30,1,0,http://crowd.globalfishingwatch.org/project/id_fishing_vessels_v2/task/4186412439319,Trawler,not_known,0,0.78,30,1,0,http://crowd.globalfishingwatch.org/project/id_fishing_vessels_v2/task/4187412444812,Trawler,not_known,0,0.57,30,1,0,http://crowd.globalfishingwatch.org/project/id_fishing_vessels_v2/task/4188412444889,Purse seine,not_known,0,0.68,30,1,0,http://crowd.globalfishingwatch.org/project/id_fishing_vessels_v2/task/4189412449093,Purse seine,not_known,0,0.95,30,1,0,http://crowd.globalfishingwatch.org/project/id_fishing_vessels_v2/task/4190412449691,Purse seine,not_known,0,0.72,30,1,0,http://crowd.globalfishingwatch.org/project/id_fishing_vessels_v2/task/4191412449876,Purse seine,not_known,0,0.76,30,1,0,http://crowd.globalfishingwatch.org/project/id_fishing_vessels_v2/task/4192412460689,Trawler,not_known,0,0.59,30,1,0,http://crowd.globalfishingwatch.org/project/id_fishing_vessels_v2/task/4193412460723,Trawler,not_known,0,0.83,30,1,0,http://crowd.globalfishingwatch.org/project/id_fishing_vessels_v2/task/4194412460726,Trawler,not_known,0,0.69,30,1,0,http://crowd.globalfishingwatch.org/project/id_fishing_vessels_v2/task/4195412460781,Trawler,not_known,0,0.8,30,1,0,http://crowd.globalfishingwatch.org/project/id_fishing_vessels_v2/task/4196412985000,Longliner,not_known,0,1,30,1,0,http://crowd.globalfishingwatch.org/project/id_fishing_vessels_v2/task/4198413205407,Trawler,not_known,0,0.69,30,0.997931748,0,http://crowd.globalfishingwatch.org/project/id_fishing_vessels_v2/task/4199413763254,Trawler,not_known,0,0.93,70,1,0,http://crowd.globalfishingwatch.org/project/id_fishing_vessels_v2/task/4202413816324,Purse seine,not_known,0,0.97,30,0.994851995,0,http://crowd.globalfishingwatch.org/project/id_fishing_vessels_v2/task/4207416002061,Longliner,not_known,0,1,30,1,0,http://crowd.globalfishingwatch.org/project/id_fishing_vessels_v2/task/4215416003756,Longliner,not_known,0,1,30,1,0,http://crowd.globalfishingwatch.org/project/id_fishing_vessels_v2/task/4217416004565,Longliner,not_known,0,1,30,1,0,http://crowd.globalfishingwatch.org/project/id_fishing_vessels_v2/task/4219416016872,Longliner,not_known,0,0.59,30,1,0,http://crowd.globalfishingwatch.org/project/id_fishing_vessels_v2/task/4220